{"max": [1.54709, 74.0115, 241.054], "centroid": [-57.220046830634494, 34.6639401851328, 117.504180918292], "id": "10555502fa7b3027283ffcfc40c29975", "numVertices": 35647, "min": [-111.582, -0.00923157, -7.36269]}
