{"max": [2.55876, 1.51412, 2.13163], "centroid": [0.9477280360560718, 0.5489114136746994, -0.9111999158379231], "id": "105dedf1b70c2826b2dcc642c86ae8f4", "numVertices": 54565, "min": [-0.54998, -1.08287e-15, -3.72664]}
